State Name,Block Name,Total households applied for job card,Total job cards issued,Total job cards (SC),Total job cards (ST),Total job cards (non-SC/ST),Total households demanded work,Total persons demanded work,Total households allotted work,Total persons allotted work,District Name
TAMIL NADU,ANDIMADAM,30425,29627,4898,173,24556,27648,36178,27648,36176,ARIYALUR
TAMIL NADU,ARIYALUR,23318,23310,4359,80,18871,20547,31770,20547,31768,ARIYALUR
TAMIL NADU,JAYAMKONDAM,35821,35675,6941,701,28033,30558,49993,30558,49993,ARIYALUR
TAMIL NADU,SENDURAI,36900,35608,7969,202,27437,29794,34672,29750,34615,ARIYALUR
TAMIL NADU,T.PALUR,30423,30408,7379,288,22741,27340,36282,27339,36281,ARIYALUR
TAMIL NADU,THIRUMANUR,25846,25471,5791,128,19552,22452,30825,22430,30800,ARIYALUR
TAMIL NADU,ANNAGRAMAM,32930,32852,10182,71,22599,25993,47191,25982,47119,CUDDALORE
TAMIL NADU,CUDDALORE,46704,46649,15903,35,30711,37436,59541,37418,59511,CUDDALORE
TAMIL NADU,KAMMAPURAM,41974,41971,9711,367,31893,37462,76989,37444,76939,CUDDALORE
TAMIL NADU,KATTUMANNAR KOIL,26210,26207,12968,185,13054,24854,49005,24849,48996,CUDDALORE
TAMIL NADU,KEERAPALAYAM,32686,32685,14675,135,17875,29694,51321,29694,51321,CUDDALORE
TAMIL NADU,KUMARATCHI,27231,27220,14693,183,12344,24488,43044,24488,43044,CUDDALORE
TAMIL NADU,KURINJIPADI,46220,45880,11729,74,34077,35299,65221,35294,65210,CUDDALORE
TAMIL NADU,MANGALUR,37809,37766,15615,23,22128,31817,54920,31817,54918,CUDDALORE
TAMIL NADU,MELBHUVANAGIRI,22726,22709,8862,116,13731,21607,47039,21607,47038,CUDDALORE
TAMIL NADU,NALLUR,35103,35055,13968,117,20970,32080,65738,32080,65734,CUDDALORE
TAMIL NADU,PANRUTI,41851,41637,8575,100,32962,29580,41307,29578,41302,CUDDALORE
TAMIL NADU,PARANGIPETTAI,21844,21844,7991,270,13583,20435,41642,20430,41616,CUDDALORE
TAMIL NADU,VRIDHACHALAM,28217,28213,9031,319,18863,25073,50950,25073,50941,CUDDALORE
TAMIL NADU,DHARMAPURI,36257,36188,3392,264,32532,22106,22626,22091,,
TAMIL NADU,HARUR,37284,37125,14842,3402,18881,32859,32859,32859,,
TAMIL NADU,KARIMANGALAM,26503,26375,2485,76,23814,20211,24033,20211,,
TAMIL NADU,MORAPPUR,45578,42439,8533,507,33399,32452,35143,32411,,
TAMIL NADU,NALLAMPALLI,31203,31180,2657,103,28420,17026,19311,17022,,
TAMIL NADU,PALACODE,27326,27325,2068,255,25002,18816,21241,18814,,
TAMIL NADU,PAPPIREDDIPATTI,20726,19916,5001,5570,9345,13568,13658,13558,,
TAMIL NADU,PENNAGARAM,25445,25234,2811,1270,21153,22659,22668,22655,,
TAMIL NADU,ATHOOR,22269,22266,6297,3,15966,16864,20675,16864,,
TAMIL NADU,BATLAGUNDU,19391,19331,5014,60,14257,18551,28546,18551,,
TAMIL NADU,DINDIGUL,19638,19638,8536,2,11100,11130,13962,11130,,
TAMIL NADU,GUZILIAMPARAI,14303,14302,4378,1,9923,10499,14743,10499,,
TAMIL NADU,KODAIKANAL,9196,8994,1962,379,6653,5201,7321,5200,,
TAMIL NADU,NATHAM,23178,23176,2682,11,20483,17677,21056,17677,,
TAMIL NADU,NILAKOTTAI,20793,20791,7361,4,13426,14516,17079,14516,,
TAMIL NADU,ODDANCHATRAM,21867,21860,6789,22,15049,16654,20068,16654,,
TAMIL NADU,PALANI,19547,19534,8448,334,10752,15155,22587,15155,,
TAMIL NADU,REDDIARCHATRAM,25787,25780,4030,270,21480,19709,26755,19709,,
TAMIL NADU,SHANARPATTI,21763,21763,5416,2,16345,17106,20768,17106,,
TAMIL NADU,THOPPAMPATTY,22169,22169,6960,6,15203,20616,29447,20616,,
TAMIL NADU,VADAMADURAI,12543,12542,2322,23,10197,9850,11941,9850,,
TAMIL NADU,VEDASANDUR,17680,17672,3494,23,14155,14926,17862,14926,,
TAMIL NADU,AMMAPET,18944,18772,5450,128,13194,11652,13594,11652,,
TAMIL NADU,ANTHIYUR,14121,14120,3926,358,9836,8128,8868,8125,,
TAMIL NADU,BHAVANI,15254,15218,3900,86,11232,8480,9496,8478,,
TAMIL NADU,BHAVANISAGAR,10182,10039,4170,16,5853,5800,6282,5799,,
TAMIL NADU,CHENNIMALAI,13461,13460,4487,4,8969,6430,7376,6430,,
TAMIL NADU,ERODE,7802,7792,3225,0,4567,3251,3676,3251,,
TAMIL NADU,GOBICHETTIPALAYAM,15536,15512,4657,20,10835,7484,8341,7484,,
TAMIL NADU,KODUMUDI,8352,8288,2991,6,5291,6253,6938,6252,,
TAMIL NADU,MODAKKURICHI,15301,15279,6028,2,9249,9686,12631,9685,,
TAMIL NADU,NAMBIYUR,12521,12452,4189,17,8246,6692,7325,6691,,
TAMIL NADU,PERUNDURAI,15650,14966,4515,2,10449,8557,9598,8557,,
TAMIL NADU,SATHY,12633,12461,3923,735,7803,6898,8284,6898,,
TAMIL NADU,T.N. PALAYAM,9026,9022,2640,322,6060,5812,6866,5812,,
TAMIL NADU,THALAVADI,9610,9555,2237,1170,6148,6648,8695,6623,,
TAMIL NADU,ACHARAPAKKAM,22416,22352,9638,907,11807,20702,32203,20702,,
TAMIL NADU,CHITHAMUR,25542,25161,10113,204,14844,21833,33560,21833,,
TAMIL NADU,KANCHIPURAM,30959,30677,9144,743,20790,27742,42407,27743,,
TAMIL NADU,KATTANKOLATHUR,31863,31745,14869,1587,15289,25433,35059,25433,,
TAMIL NADU,KUNDRATHUR,20286,20277,11026,312,8939,8670,10008,8670,,
TAMIL NADU,LATHUR,18093,17871,8547,144,9180,15444,25702,15437,,
TAMIL NADU,MADURANTAKAM,26592,26512,14885,463,11164,25695,42560,25694,,
TAMIL NADU,SRIPERUMBUDUR,20540,20441,9628,359,10454,19579,27895,19579,,
TAMIL NADU,THIRUKALUKUNDRAM,37911,37770,11362,687,25721,34163,44873,34154,,
TAMIL NADU,THIRUPORUR,30847,30341,14050,250,16041,26567,37326,26567,,
TAMIL NADU,THOMAS MALAI,27328,27311,4617,1311,21383,3485,3702,3485,,
TAMIL NADU,UTHIRAMERUR,40523,40099,9932,2033,28134,37821,60191,37821,,
TAMIL NADU,WALAJABAD,31035,30747,9248,357,21142,27166,45766,27166,,
TAMIL NADU,AGASTHEESWARAM,6924,6918,602,329,5987,4097,4443,4097,,
TAMIL NADU,KILLIYOOR,7115,7115,129,0,6986,3353,3505,3353,,
TAMIL NADU,KURUNTHENCODE,11646,11646,481,0,11165,4077,4191,4077,,
TAMIL NADU,MELPURAM,10697,10697,785,40,9872,4033,4380,4026,,
TAMIL NADU,MUNCHIRAI,14203,14199,316,2,13881,4542,4722,4542,,
TAMIL NADU,RAJAKKAMANGALAM,16418,16393,821,6,15566,6328,7472,6324,,
TAMIL NADU,THIRUVATTAR,11715,11712,414,427,10871,2313,2490,2313,,
TAMIL NADU,THOVALAI,12622,12613,832,3,11778,7304,9923,7292,,
TAMIL NADU,THUCKALAY,7988,7986,182,7,7797,3762,3938,3762,,
TAMIL NADU,ARAVAKURICHI,13095,12816,4174,60,8582,9160,13015,9160,,
TAMIL NADU,K.PARAMATHI,21600,21595,6348,22,15225,19285,28113,19285,,
TAMIL NADU,KADAVUR,27170,27041,4347,20,22674,20708,23412,20708,,
TAMIL NADU,KARUR,15510,15510,4503,0,11007,6645,7995,6645,,
TAMIL NADU,KRISHNARAYAPURAM,24228,24178,6542,7,17629,18782,25480,18782,,
TAMIL NADU,KULITHALAI,13480,13478,4177,6,9295,8028,10990,8028,,
TAMIL NADU,THANTHONI,18621,18582,4411,9,14162,8910,11275,8910,,
TAMIL NADU,THOGAMALAI,16269,16267,3669,6,12592,12687,18480,12687,,
TAMIL NADU,BARGUR,31235,31014,3502,269,27243,26419,30572,26419,,
TAMIL NADU,HOSUR,17085,17012,4689,20,12303,9448,10113,9445,,
TAMIL NADU,KAVERIPATTANAM,29727,29636,2077,138,27421,23772,29723,23772,,
TAMIL NADU,KELAMANGALAM,18551,18462,2389,464,15609,11463,15805,11463,,
TAMIL NADU,KRISHNAGIRI,27202,26811,3682,188,22941,19261,22904,19260,,
TAMIL NADU,MATHUR,22095,21766,3273,165,18328,20327,25841,20327,,
TAMIL NADU,SHOOLAGIRI,24960,24844,4097,309,20438,19413,25934,19413,,
TAMIL NADU,THALLY,31084,30911,5690,497,24724,27555,34575,27539,,
TAMIL NADU,UTHANGARAI,41462,41408,8601,1075,31732,31156,44496,31153,,
TAMIL NADU,VEPPANAPALLI,16729,16679,1265,11,15403,9866,14427,9866,,
TAMIL NADU,ALANGANALLUR,17036,17009,4196,0,12813,12598,15074,12598,15074,MADURAI
TAMIL NADU,CHELLAMPATTI,30520,30518,3779,7,26732,27545,37164,27545,37163,MADURAI
TAMIL NADU,KALLIKUDI,19111,19094,3096,6,15992,15291,18564,15291,18564,MADURAI
TAMIL NADU,KOTTAMPATTI,22949,22917,3844,1,19072,20087,27342,20087,27342,MADURAI
TAMIL NADU,MADURAI EAST,25408,25408,7587,12,17809,14999,18294,14999,18293,MADURAI
TAMIL NADU,MADURAI WEST,18409,18395,6241,11,12143,13324,16732,13324,16732,MADURAI
TAMIL NADU,MELUR,29918,29917,5152,6,24759,26421,35477,26421,35477,MADURAI
TAMIL NADU,SEDAPATTI,26300,26299,4942,11,21346,24831,44071,24826,44064,MADURAI
TAMIL NADU,T.KALLUPATTY,19908,19862,4900,8,14954,17947,28777,17947,28777,MADURAI
TAMIL NADU,THIRUMANGALAM,25920,25893,4930,26,20937,22713,32822,22713,32822,MADURAI
TAMIL NADU,THIRUPPARANKUNDRAM,30095,30004,6622,352,23030,19755,26139,19751,26135,MADURAI
TAMIL NADU,USILAMPATTI,19911,19901,2321,14,17566,17759,24080,17743,24058,MADURAI
TAMIL NADU,VADIPATTI,15477,15476,4580,1,10895,12572,15867,12572,15867,MADURAI
TAMIL NADU,KEELAIYUR,22063,22051,7051,24,14976,18295,33959,18294,33953,NAGAPATTINAM
TAMIL NADU,KILVELUR,16111,16096,11177,112,4807,15613,32249,15577,32184,NAGAPATTINAM
TAMIL NADU,KOLLIDAM,30314,30091,13374,153,16564,25235,45916,25235,45916,NAGAPATTINAM
TAMIL NADU,KUTHALAM,23426,23389,10860,39,12490,20618,37542,20621,37561,NAGAPATTINAM
TAMIL NADU,MAYILADUTHURAI,33101,32892,18638,16,14238,29932,52739,29932,52739,NAGAPATTINAM
TAMIL NADU,NAGAPATTINAM,40635,40448,9945,34,30469,29714,47522,29713,47518,NAGAPATTINAM
TAMIL NADU,SEMBANARKOIL,33765,33505,15516,58,17931,27862,56053,27862,56053,NAGAPATTINAM
TAMIL NADU,SIRKALI,32354,32269,14730,10,17529,26219,50574,26209,50545,NAGAPATTINAM
TAMIL NADU,THALAINAYAR,12534,12171,4849,12,7310,10483,21585,10483,21585,NAGAPATTINAM
TAMIL NADU,THIRUMARUGAL,20277,20161,10736,73,9352,16075,35400,16075,35400,NAGAPATTINAM
TAMIL NADU,VEDARANYAM,23192,22943,7306,23,15614,16905,26821,16896,26812,NAGAPATTINAM
TAMIL NADU,Elachipalayam,12917,12863,4607,4,8252,9459,12143,9459,12143,NAMAKKAL
TAMIL NADU,ERUMAPATTY,16714,16693,6167,33,10493,12636,15681,12636,15681,NAMAKKAL
TAMIL NADU,Kabilarmalai,11855,11824,3648,4,8172,9076,12466,9076,12466,NAMAKKAL
TAMIL NADU,KOLLIHILLS,8807,8806,50,8754,2,7650,12077,7650,12077,NAMAKKAL
TAMIL NADU,MALLASAMUDRAM,9247,9242,3511,19,5712,7722,11619,7722,11619,NAMAKKAL
TAMIL NADU,MOHANUR,13215,13204,3874,60,9270,8267,8957,8267,8957,NAMAKKAL
TAMIL NADU,NAMAGIRIPET,12142,12132,3206,2357,6569,8976,10598,8976,10598,NAMAKKAL
TAMIL NADU,NAMAKKAL,16398,16382,5601,19,10762,9297,10564,9297,10564,NAMAKKAL
TAMIL NADU,PALLIPALAYAM,12365,12365,3910,1,8454,5111,5588,5111,5588,NAMAKKAL
TAMIL NADU,PARAMATHY,8795,8772,3264,24,5484,6961,8092,6961,8092,NAMAKKAL
TAMIL NADU,Puduchatram,12760,12677,4662,157,7858,8944,11247,8944,11247,NAMAKKAL
TAMIL NADU,RASIPURAM,9196,9179,3744,89,5346,6826,9344,6826,9344,NAMAKKAL
TAMIL NADU,SENDAMANGALAM,9153,9153,2554,541,6058,6831,8996,6831,8996,NAMAKKAL
TAMIL NADU,TIRUCHENGODE,15113,15092,5948,0,9144,10440,12062,10440,12062,NAMAKKAL
TAMIL NADU,VENNANDUR,10764,10756,3291,223,7242,8913,11681,8913,11681,NAMAKKAL
TAMIL NADU,ALATHUR,25094,25019,7460,147,17412,23710,35513,23710,35513,PERAMBALUR
TAMIL NADU,PERAMBALUR,24666,24199,7275,134,16790,19760,28867,19752,28857,PERAMBALUR
TAMIL NADU,VEPPANTHATTAI,27352,27141,10092,228,16821,25642,36419,25640,36413,PERAMBALUR
TAMIL NADU,VEPPUR,36761,36441,11919,151,24371,32609,48942,32608,48940,PERAMBALUR
TAMIL NADU,ANNAVASAL,31105,30527,6548,3,23976,24192,50735,24185,50726,PUDUKKOTTAI
TAMIL NADU,ARANTANGI,29126,29061,3430,2,25629,25917,41463,25917,41463,PUDUKKOTTAI
TAMIL NADU,ARIMALAM,14123,13863,2840,0,11023,12600,16203,12600,16203,PUDUKKOTTAI
TAMIL NADU,AVUDAYARKOIL,19904,19369,3486,1,15882,15723,27205,15723,27205,PUDUKKOTTAI
TAMIL NADU,GANDARVAKOTTAI,15039,15035,4301,2,10732,14310,24608,14310,24608,PUDUKKOTTAI
TAMIL NADU,KARAMBAKKUDI,19016,19015,6224,0,12791,17742,33095,17742,33094,PUDUKKOTTAI
TAMIL NADU,KUNNANDARKOIL,16702,16701,2359,0,14342,15697,28849,15696,28848,PUDUKKOTTAI
TAMIL NADU,MANAMELKUDI,16480,16475,2663,1,13811,12631,17364,12622,17340,PUDUKKOTTAI
TAMIL NADU,PONNAMARAVATHI,20804,20787,2971,13,17803,17529,25881,17529,25881,PUDUKKOTTAI
TAMIL NADU,PUDUKKOTTAI,19882,19613,4592,9,15012,15159,19583,15157,19581,PUDUKKOTTAI
TAMIL NADU,THIRUMAYAM,16423,16215,3486,16,12713,13745,29593,13745,29593,PUDUKKOTTAI
TAMIL NADU,THIRUVARANKULAM,29918,29801,1165,2,28634,23289,43324,23256,43241,PUDUKKOTTAI
TAMIL NADU,VIRALIMALAI,26480,25984,4517,59,21408,16682,28688,16583,28445,PUDUKKOTTAI
TAMIL NADU,BOGALUR,10344,10276,4110,2,6164,9007,15799,9007,15799,RAMANATHAPURAM
TAMIL NADU,KADALADI,37867,37799,5537,5,32257,32907,54925,32889,54884,RAMANATHAPURAM
TAMIL NADU,KAMUTHI,31283,31155,6685,9,24461,28773,52746,28771,52743,RAMANATHAPURAM
TAMIL NADU,MANDAPAM,21810,21784,1191,0,20593,9559,10916,9559,10916,RAMANATHAPURAM
TAMIL NADU,MUDUKULATHUR,24570,24402,7648,0,16754,22375,41224,22367,41208,RAMANATHAPURAM
TAMIL NADU,NAINARKOIL,12161,11854,2956,2,8896,10400,18128,10399,18123,RAMANATHAPURAM
TAMIL NADU,PARAMAKUDI,19685,19680,7020,0,12660,16157,26292,16157,26287,RAMANATHAPURAM
TAMIL NADU,R.S. MANGALAM,20024,19983,4561,0,15422,17036,28642,17035,28639,RAMANATHAPURAM
TAMIL NADU,RAMANATHAPURAM,17008,16930,5006,0,11924,9480,12550,9480,12550,RAMANATHAPURAM
TAMIL NADU,THIRUPPULLANI,21837,21805,6455,0,15350,16933,25509,16933,25509,RAMANATHAPURAM
TAMIL NADU,THIRUVADANAI,22218,22201,4461,0,17740,18943,27702,18929,27679,RAMANATHAPURAM
TAMIL NADU,ATTUR,21395,21308,5783,897,14628,17556,23424,17555,23411,SALEM
TAMIL NADU,AYOTHIYAPATTINAM,22854,22622,8552,2262,11808,14586,16971,14575,16958,SALEM
TAMIL NADU,GANGAVALLI,13929,13850,3290,1625,8935,11608,15418,11608,15418,SALEM
TAMIL NADU,IDAPPADY,10777,10638,1170,4,9464,5079,5576,5079,5576,SALEM
TAMIL NADU,KADAYAAMPATTI,26609,26090,5614,1304,19172,17675,19699,17675,19699,SALEM
TAMIL NADU,KOLATHUR,17201,16783,2836,1970,11977,10837,12111,10836,12110,SALEM
TAMIL NADU,KONGANAPURAM,15381,15241,1332,5,13904,11861,14171,11861,14171,SALEM
TAMIL NADU,MAC. CHOULTRY,12559,12480,1455,0,11025,9118,10445,9118,10445,SALEM
TAMIL NADU,MECHERI,19078,18382,2709,2,15671,13110,14537,13110,14537,SALEM
TAMIL NADU,NANGAVALLI,17073,16830,1517,2,15311,13429,14743,13391,14689,SALEM
TAMIL NADU,OMALUR,28863,28605,8041,48,20516,15842,17587,15842,17587,SALEM
TAMIL NADU,P.N.PALAYAM,17795,17617,3986,4247,9384,11867,14451,11867,14447,SALEM
TAMIL NADU,PANAMARATHUPATTI,14709,14654,3272,1723,9659,9199,10853,9199,10852,SALEM
TAMIL NADU,SALEM,13461,13295,1608,44,11643,9252,9781,9252,9781,SALEM
TAMIL NADU,SANKARI,15273,15060,5408,1,9651,10583,11873,10331,11618,SALEM
TAMIL NADU,THALAIVASAL,37208,36960,8740,255,27965,26470,42291,26470,42283,SALEM
TAMIL NADU,THARAMANGALAM,19914,19388,1241,6,18141,14203,17481,14203,17480,SALEM
TAMIL NADU,VALAPADY,13322,13184,4085,1071,8028,9866,11464,9866,11464,SALEM
TAMIL NADU,VEERAPANDY,18049,18044,3008,1,15035,9284,9907,9284,9907,SALEM
TAMIL NADU,YERCAUD,7273,7102,1229,5576,297,2178,2573,2178,2573,SALEM
TAMIL NADU,DEVAKOTTAI,19257,19253,5024,1,14228,15189,23072,15189,23072,SIVAGANGAI
TAMIL NADU,ILAYANGUDI,22620,22616,6243,6,16367,18383,26028,18382,26011,SIVAGANGAI
TAMIL NADU,KALAIYARKOVIL,25276,25271,4866,16,20389,19705,31265,19705,31262,SIVAGANGAI
TAMIL NADU,KALLAL,21881,21853,3255,20,18578,12133,14067,12073,13973,SIVAGANGAI
TAMIL NADU,KANNANGUDI,8341,8335,3336,1,4998,5863,7115,5863,7115,SIVAGANGAI
TAMIL NADU,MANAMADURAI,21564,21500,5094,2,16404,16681,26223,16681,26223,SIVAGANGAI
TAMIL NADU,S.PUDUR,10575,10574,1556,0,9018,8390,13072,8390,13072,SIVAGANGAI
TAMIL NADU,SAKKOTTAI,17463,17446,2203,2,15241,9671,12175,9671,12175,SIVAGANGAI
TAMIL NADU,SINGAMPUNARI,15052,15030,1461,1,13568,10881,16201,10881,16198,SIVAGANGAI
TAMIL NADU,SIVAGANGA,29026,29025,3377,1,25647,21892,29694,21886,29682,SIVAGANGAI
TAMIL NADU,THIRUPPATHUR,17923,17923,2440,0,15483,15324,23753,15324,23753,SIVAGANGAI
TAMIL NADU,THIRUPPUVANAM,28723,27988,5274,0,22714,23309,42936,23309,42936,SIVAGANGAI
TAMIL NADU,AMMAPET,16448,16378,8155,17,8206,12516,22288,12516,22288,THANJAVUR
TAMIL NADU,BUDALUR,21179,21035,7434,7,13594,18377,30567,18377,30567,THANJAVUR
TAMIL NADU,KUMBAKONAM,29500,29102,11199,108,17795,24024,41405,24024,41405,THANJAVUR
TAMIL NADU,MADUKKUR,15402,15271,2708,5,12558,10108,12170,10108,12170,THANJAVUR
TAMIL NADU,ORATHANADU,28558,28542,4386,466,23690,25348,44587,25348,44579,THANJAVUR
TAMIL NADU,PAPANASAM,21608,21458,7117,28,14313,18068,30675,18068,30674,THANJAVUR
TAMIL NADU,PATTUKKOTTAI,22348,21868,3175,1837,16856,14126,19347,14123,19343,THANJAVUR
TAMIL NADU,PERAVURANI,17892,17735,2670,30,15035,13795,21268,13792,21264,THANJAVUR
TAMIL NADU,SETHUBAVACHATRAM,17349,17308,2129,26,15153,13231,21127,13231,21127,THANJAVUR
TAMIL NADU,THANJAVUR,34640,34362,11407,23,22932,26628,41834,26627,41834,THANJAVUR
TAMIL NADU,THIRUPPANANDAL,21355,21323,10159,60,11104,19727,37239,19723,37232,THANJAVUR
TAMIL NADU,THIRUVAIYARU,19984,19771,7585,2,12184,16844,29033,16844,29033,THANJAVUR
TAMIL NADU,THIRUVIDAIMARUDUR,24121,23908,7189,16,16703,19627,31401,19624,31398,THANJAVUR
TAMIL NADU,THIRUVONAM,18559,18019,4506,0,13513,15663,25719,15663,25713,THANJAVUR
TAMIL NADU,COONOOR,6547,6457,3602,489,2366,3761,3991,3761,3991,THE NILGIRIS
TAMIL NADU,GUDALUR,12600,12589,5122,1331,6136,4268,4638,4259,4627,THE NILGIRIS
TAMIL NADU,KOTAGIRI,13278,13080,4563,2143,6374,6619,8402,6619,8402,THE NILGIRIS
TAMIL NADU,UDHAGAI,18153,18111,5489,512,12110,11712,14451,11710,14449,THE NILGIRIS
TAMIL NADU,ANDIPATTI,28723,28606,7676,2,20928,22612,29337,22608,29333,THENI
TAMIL NADU,BODINAICKANUR,15358,15213,2283,89,12841,9314,11309,9314,11309,THENI
TAMIL NADU,CHINNAMANUR,12956,12891,2375,8,10508,7039,8262,7039,8262,THENI
TAMIL NADU,CUMBUM,4446,4446,764,1,3681,455,504,455,504,THENI
TAMIL NADU,K MYLADUMPARAI,21503,21214,4459,168,16587,14482,20111,14482,20108,THENI
TAMIL NADU,PERIYAKULAM,20764,20647,6303,40,14304,13919,15921,13918,15920,THENI
TAMIL NADU,THENI,15037,14792,4006,2,10784,10226,13971,10226,13971,THENI
TAMIL NADU,UTHAMAPALAYAM,9551,9549,1494,0,8055,5183,6415,5183,6415,THENI
TAMIL NADU,ALWARTHIRUNAGARI,15433,15382,3949,9,11424,8027,11115,8027,11113,THOOTHUKKUDI
TAMIL NADU,KARUNGULAM,17647,17544,5932,283,11329,13878,18473,13843,18429,THOOTHUKKUDI
TAMIL NADU,KAYATHAR,22032,21987,6029,9,15949,18128,26149,18128,26148,THOOTHUKKUDI
TAMIL NADU,KOVILPATTI,24720,24637,8103,4,16530,15784,21221,15774,21211,THOOTHUKKUDI
TAMIL NADU,OTTAPIDARAM,39772,39729,16570,138,23021,31554,37369,31547,37362,THOOTHUKKUDI
TAMIL NADU,Pudur,17733,17719,4095,0,13624,15980,24292,15978,24289,THOOTHUKKUDI
TAMIL NADU,SATTANKULAM,10656,10623,1478,158,8987,4480,5324,4480,5324,THOOTHUKKUDI
TAMIL NADU,SRIVAIKUNDAM,12094,12073,3196,15,8862,8006,10993,8006,10993,THOOTHUKKUDI
TAMIL NADU,THOOTHUKUDI,21983,21716,7826,33,13857,5126,5613,5126,5613,THOOTHUKKUDI
TAMIL NADU,TIRUCHENDUR,5708,5708,2430,0,3278,2240,2581,2240,2581,THOOTHUKKUDI
TAMIL NADU,UDANGUDI,7019,7004,1056,1,5947,2254,2699,2254,2699,THOOTHUKKUDI
TAMIL NADU,VILATHIKULAM,22050,22028,5312,164,16552,17273,25233,17267,25222,THOOTHUKKUDI
TAMIL NADU,ANDHANALLUR,17542,17523,5556,0,11967,14164,20109,14164,20109,TIRUCHIRAPPALLI
TAMIL NADU,LALGUDI,25920,25917,7887,345,17685,23749,38757,23749,38756,TIRUCHIRAPPALLI
TAMIL NADU,MANACHANALLUR,25658,25658,5434,0,20224,18784,26313,18784,26313,TIRUCHIRAPPALLI
TAMIL NADU,MANAPPARAI,19918,19669,3356,166,16147,13380,19486,13380,19486,TIRUCHIRAPPALLI
TAMIL NADU,MANIKANDAM,16025,16022,3192,13,12817,9974,12717,9969,12704,TIRUCHIRAPPALLI
TAMIL NADU,MARUNGAPURI,22478,22429,4749,40,17640,18652,26179,18652,26179,TIRUCHIRAPPALLI
TAMIL NADU,MUSIRI,20510,20503,5537,2,14964,16193,23684,16193,23684,TIRUCHIRAPPALLI
TAMIL NADU,PULLAMPADY,20044,20029,3764,1,16264,17431,25387,17431,25387,TIRUCHIRAPPALLI
TAMIL NADU,T.PET,14872,14872,3181,0,11691,11298,15569,11298,15569,TIRUCHIRAPPALLI
TAMIL NADU,THIRUVERAMBUR,17214,17209,4858,1,12350,10929,14922,10929,14922,TIRUCHIRAPPALLI
TAMIL NADU,THOTTIAM,19323,19323,4015,0,15308,14173,18264,14173,18264,TIRUCHIRAPPALLI
TAMIL NADU,THURAIYUR,24670,24660,5159,1755,17746,21726,30677,21720,30669,TIRUCHIRAPPALLI
TAMIL NADU,UPPILIYAPURAM,14580,14575,5054,888,8633,11441,13740,11441,13740,TIRUCHIRAPPALLI
TAMIL NADU,VAIYAMPATTY,16108,16105,2723,25,13357,12774,16973,12774,16972,TIRUCHIRAPPALLI
TAMIL NADU,ALANKULAM,21746,21661,3869,1,17791,12988,17166,12987,17160,TIRUNELVELI
TAMIL NADU,AMBASAMUDRAM,9483,9391,2174,11,7206,5758,7679,5758,7679,TIRUNELVELI
TAMIL NADU,CHERANMAHADEVI,6191,6147,1418,0,4729,4059,5519,4059,5519,TIRUNELVELI
TAMIL NADU,KADAYAM,17598,17562,4077,0,13485,8315,11359,8315,11359,TIRUNELVELI
TAMIL NADU,Kadayanallur,15710,15701,5407,61,10233,8132,9497,8132,9496,TIRUNELVELI
TAMIL NADU,KALAKADU,10254,10225,1776,23,8426,8080,11125,8078,11123,TIRUNELVELI
TAMIL NADU,KEELAPAVOOR,18706,18699,2630,21,16048,5448,6404,5448,6404,TIRUNELVELI
TAMIL NADU,KURUVIKULAM,27327,27101,10165,13,16923,23885,38357,23885,38357,TIRUNELVELI
TAMIL NADU,MANUR,26519,26370,9359,8,17003,19963,27358,19962,27357,TIRUNELVELI
TAMIL NADU,MELANEELITHANALLUR,19252,19223,3190,1,16032,15165,22398,15163,22389,TIRUNELVELI
TAMIL NADU,NANGUNERI,18089,18087,5436,20,12631,14156,17102,14152,17089,TIRUNELVELI
TAMIL NADU,PALAYAMKOTTAI,17270,17188,5807,9,11372,13643,16701,13599,16654,TIRUNELVELI
TAMIL NADU,PAPPAKUDI,9927,9880,2124,4,7752,7350,10076,7350,10076,TIRUNELVELI
TAMIL NADU,RADHAPURAM,16651,16394,3123,10,13261,8391,9448,8352,9402,TIRUNELVELI
TAMIL NADU,SANKARANKOIL,22981,22651,7447,22,15182,15561,22152,15561,22142,TIRUNELVELI
TAMIL NADU,SHENCOTTAI,5206,5197,2614,49,2534,3553,4368,3553,4368,TIRUNELVELI
TAMIL NADU,TENKASI,9576,9541,3762,2,5777,5563,7260,5563,7260,TIRUNELVELI
TAMIL NADU,VALLIYOOR,16326,16280,3133,19,13128,6081,7260,6077,7256,TIRUNELVELI
TAMIL NADU,VASUDEVANALLUR,16123,16079,6018,0,10061,10349,12777,10349,12777,TIRUNELVELI
TAMIL NADU,AVINASHI,21775,21712,10499,120,11093,15364,21703,15364,21703,TIRUPPUR
TAMIL NADU,DHARAPURAM,15777,15775,5800,118,9857,13918,18374,13916,18370,TIRUPPUR
TAMIL NADU,GUDIMANGALAM,16466,16464,5261,202,11001,14279,22818,14279,22818,TIRUPPUR
TAMIL NADU,KANGAYAM,12251,12235,5412,1,6822,7848,10035,7847,10034,TIRUPPUR
TAMIL NADU,KUNDADAM,13866,13638,6224,7,7407,11065,15024,11065,15024,TIRUPPUR
TAMIL NADU,MADATHUKULAM,9517,9449,3354,16,6079,7816,12742,7816,12742,TIRUPPUR
TAMIL NADU,MULANUR,10710,10675,3879,56,6740,9618,13453,9618,13453,TIRUPPUR
TAMIL NADU,PALLADAM,20960,20959,6112,83,14764,16973,21172,16973,21172,TIRUPPUR
TAMIL NADU,PONGALUR,15074,15074,7231,22,7821,9836,13113,9836,13113,TIRUPPUR
TAMIL NADU,TIRUPPUR,29853,29719,7969,22,21728,9574,11970,9574,11970,TIRUPPUR
TAMIL NADU,UDUMALPET,22368,22358,8760,214,13384,15628,25183,15628,25183,TIRUPPUR
TAMIL NADU,UTHUKULI,24206,24178,7844,317,16017,18814,24265,18814,24265,TIRUPPUR
TAMIL NADU,VELLAKOIL,6981,6915,3372,1,3542,4201,4980,4201,4980,TIRUPPUR
TAMIL NADU,ELLAPURAM,26442,26437,9748,594,16095,22003,40368,21990,40341,TIRUVALLUR
TAMIL NADU,Gummidipoondi,53457,52633,12305,1627,38701,36168,45228,36168,45228,TIRUVALLUR
TAMIL NADU,KADAMBATHUR,23201,22991,7418,646,14927,18990,25163,18990,25163,TIRUVALLUR
TAMIL NADU,MINJUR,32344,31506,15615,805,15086,26518,35158,26518,35158,TIRUVALLUR
TAMIL NADU,PALLIPET,19951,19947,4047,557,15343,18154,31929,18154,31929,TIRUVALLUR
TAMIL NADU,POONAMALLEE,12828,12812,7392,161,5259,6744,8071,6742,8069,TIRUVALLUR
TAMIL NADU,POONDI,45450,45133,8030,973,36130,25169,32509,25074,32283,TIRUVALLUR
TAMIL NADU,PUZHAL,10307,10299,5566,441,4292,3422,3821,3407,3806,TIRUVALLUR
TAMIL NADU,R.K.PET,25227,25190,4432,146,20612,23209,43130,23208,43129,TIRUVALLUR
TAMIL NADU,SHOLAVARAM,19114,18800,8091,382,10327,13963,18897,13958,18871,TIRUVALLUR
TAMIL NADU,TIRUTTANI,20446,20248,3270,1357,15621,17516,23617,17495,23592,TIRUVALLUR
TAMIL NADU,TIRUVALANGADU,19477,19425,6623,464,12338,17166,27869,17166,27869,TIRUVALLUR
TAMIL NADU,TIRUVALLUR,19484,19480,10133,164,9183,16787,22458,16784,22453,TIRUVALLUR
TAMIL NADU,VILLIVAKKAM,15615,15558,4685,164,10709,4978,6593,4978,6592,TIRUVALLUR
TAMIL NADU,ANAKKAVOOR,25439,25405,4410,173,20822,21532,40292,21532,40291,TIRUVANNAMALAI
TAMIL NADU,ARNI,33141,33037,5785,60,27192,23359,29462,23358,29461,TIRUVANNAMALAI
TAMIL NADU,CHENGAM,33034,32895,9845,296,22754,29697,55924,29694,55919,TIRUVANNAMALAI
TAMIL NADU,CHETPET,23092,23092,2745,53,20294,22222,38077,22220,38062,TIRUVANNAMALAI
TAMIL NADU,CHEYYAR,20795,20756,4932,130,15694,19378,29994,19378,29993,TIRUVANNAMALAI
TAMIL NADU,JAWADHU HILLS,11024,10971,67,9127,1777,6908,13326,6908,13325,TIRUVANNAMALAI
TAMIL NADU,KALASAPAKKAM,34088,34018,8318,148,25552,29555,53001,29555,53001,TIRUVANNAMALAI
TAMIL NADU,KILPENNATHUR,25278,25192,5440,507,19245,21199,29970,21199,29970,TIRUVANNAMALAI
TAMIL NADU,PERNAMALLUR,23482,23374,3263,162,19949,17879,30053,17878,30049,TIRUVANNAMALAI
TAMIL NADU,POLUR,32927,32891,5870,132,26889,28080,50024,28067,50009,TIRUVANNAMALAI
TAMIL NADU,PUDUPALAYAM,23636,23550,6247,116,17187,19628,35755,19628,35755,TIRUVANNAMALAI
TAMIL NADU,THANDARAMPET,37180,36987,7597,2876,26514,31071,45738,31071,45738,TIRUVANNAMALAI
TAMIL NADU,Thellar,35017,34833,7483,246,27104,28827,42913,28825,42910,TIRUVANNAMALAI
TAMIL NADU,THURINJAPURAM,22975,22973,4104,276,18593,22311,37044,22311,37044,TIRUVANNAMALAI
TAMIL NADU,TIRUVANNAMALAI,41466,41393,7980,415,32998,34632,55836,34631,55835,TIRUVANNAMALAI
TAMIL NADU,VANDAVASI,29342,29256,6492,224,22540,24336,40837,24336,40835,TIRUVANNAMALAI
TAMIL NADU,VEMBAKKAM,32694,32619,4445,50,28124,28089,51651,28085,51642,TIRUVANNAMALAI
TAMIL NADU,WEST ARNI,20323,20317,3156,44,17117,17275,26047,17266,26038,TIRUVANNAMALAI
TAMIL NADU,KORADACHERI,18623,18596,11735,11,6850,16996,34437,16995,34435,TIRUVARUR
TAMIL NADU,KOTTUR,21834,21692,13068,19,8605,20755,39566,20755,39566,TIRUVARUR
TAMIL NADU,KUDAVAASAL,19834,19814,6023,9,13782,17208,33786,17208,33786,TIRUVARUR
TAMIL NADU,MANNARGUDI,25987,25987,11102,76,14809,20576,42205,20576,42205,TIRUVARUR
TAMIL NADU,MUTHUPETTAI,15758,15738,6590,0,9148,14586,29074,14585,29072,TIRUVARUR
TAMIL NADU,NANNILAM,21638,21349,10336,12,11001,20163,35481,20163,35481,TIRUVARUR
TAMIL NADU,NEEDAMANGALAM,19695,19505,6895,52,12558,18202,36071,18195,36047,TIRUVARUR
TAMIL NADU,THIRUTHURAIPOONDI,18543,17927,8743,8,9176,14431,30037,14430,30035,TIRUVARUR
TAMIL NADU,THIRUVARUR,23205,23177,14020,106,9051,20571,31575,20569,31573,TIRUVARUR
TAMIL NADU,VALANGAIMAN,16444,16345,9600,14,6731,14593,27286,14593,27286,TIRUVARUR
TAMIL NADU,ALANGAYAM,26876,26712,2554,3127,21031,18234,26737,18233,26736,VELLORE
TAMIL NADU,ANAICUT,20773,20664,4718,959,14987,16827,26029,16827,26029,VELLORE
TAMIL NADU,ARAKONAM,15342,15340,5435,317,9588,11153,15621,11119,15566,VELLORE
TAMIL NADU,ARCOT,20958,20957,3099,32,17826,17399,27710,17399,27710,VELLORE
TAMIL NADU,GUDIYATHAM,23760,23727,7879,168,15680,19869,27938,19858,27914,VELLORE
TAMIL NADU,JOLARPET,27684,27677,2587,677,24413,22061,35250,22059,35246,VELLORE
TAMIL NADU,K.V. KUPPAM,24730,24728,6338,92,18298,19717,33648,19710,33639,VELLORE
TAMIL NADU,KANDHILI,29670,29663,4404,238,25021,18841,29332,18814,29269,VELLORE
TAMIL NADU,KANIYAMBADI,16760,16741,2519,55,14167,10890,14481,10869,14448,VELLORE
TAMIL NADU,KATPADI,19007,18964,3627,83,15254,9987,12328,9955,12278,VELLORE
TAMIL NADU,KAVERIPAKKAM,31828,31799,5372,285,26142,24938,37630,24936,37624,VELLORE
TAMIL NADU,MADHANUR,15828,15780,6841,526,8413,11420,16012,11419,16010,VELLORE
TAMIL NADU,NATRAMPALLI,19009,18841,2846,79,15916,13900,21823,13900,21822,VELLORE
TAMIL NADU,NEMILI,29370,29313,7618,500,21195,24482,38651,24479,38647,VELLORE
TAMIL NADU,PERNAMBET,26254,26065,12019,234,13812,16078,21230,16078,21230,VELLORE
TAMIL NADU,SHOLINGHUR,25189,24949,2046,163,22740,16109,21507,16109,21507,VELLORE
TAMIL NADU,THIMIRI,24016,24015,6378,197,17440,21467,39915,21466,39914,VELLORE
TAMIL NADU,THIRUPATHUR,24358,24213,5655,304,18254,16563,24603,16557,24597,VELLORE
TAMIL NADU,VELLORE,13269,13269,3779,52,9438,7645,9237,7645,9237,VELLORE
TAMIL NADU,WALAJAH,19845,19829,2649,96,17084,15693,22452,15693,22452,VELLORE
TAMIL NADU,CHINNASALEM,33281,33153,11431,94,21628,29000,55208,28998,55195,VILLUPURAM
TAMIL NADU,GINGEE,54567,54131,6410,706,47015,41998,70298,41950,70221,VILLUPURAM
TAMIL NADU,KALLAKURICHI,40830,40788,13407,14,27367,35773,83810,35772,83797,VILLUPURAM
TAMIL NADU,KALRAYAN HILLS,13430,13404,81,9942,3381,10350,19578,10350,19578,VILLUPURAM
TAMIL NADU,KANAI,36097,35938,4214,141,31583,29514,61096,29502,61054,VILLUPURAM
TAMIL NADU,KANDAMANGALAM,36423,36345,9795,9,26541,28645,49105,28645,49105,VILLUPURAM
TAMIL NADU,KOLIYANUR,31081,31029,8267,280,22482,25819,54450,25813,54438,VILLUPURAM
TAMIL NADU,MAILAM,32069,31929,9384,298,22247,27306,54992,27299,54963,VILLUPURAM
TAMIL NADU,MELMALAYANUR,49502,49455,6346,328,42781,37559,69483,37534,69435,VILLUPURAM
TAMIL NADU,MERKANAM,36661,36540,12969,453,23118,27792,44973,27791,44959,VILLUPURAM
TAMIL NADU,MUGAIYUR,40198,40125,10301,169,29655,34502,73907,34498,73879,VILLUPURAM
TAMIL NADU,OLAKKUR,25775,25717,7131,464,18122,21423,51627,21423,51628,VILLUPURAM
TAMIL NADU,RISHIVANDIYAM,33837,33743,10396,43,23304,29982,64062,29981,64054,VILLUPURAM
TAMIL NADU,SANKARAPURAM,37240,36741,7994,325,28422,24860,51240,24859,51237,VILLUPURAM
TAMIL NADU,T.V. NALLUR,47913,47256,7875,35,39346,34912,84293,34907,84283,VILLUPURAM
TAMIL NADU,THIYAGADURGAM,25223,25188,8864,36,16288,22499,45567,22499,45564,VILLUPURAM
TAMIL NADU,TIRUKOILUR,30733,30635,7343,72,23220,25336,59046,25335,59040,VILLUPURAM
TAMIL NADU,TIRUNAVALUR,33970,31802,7715,49,24038,19286,34016,19286,34016,VILLUPURAM
TAMIL NADU,ULUNDURPET,34804,34770,9518,30,25222,29303,71218,29290,71177,VILLUPURAM
TAMIL NADU,VALLAM,31476,31450,6088,533,24829,29713,66628,29711,66613,VILLUPURAM
TAMIL NADU,VANUR,40620,40402,13136,360,26906,31246,46730,31240,46716,VILLUPURAM
TAMIL NADU,VIKKIRAVANDI,31625,31548,8985,241,22322,28426,55673,28426,55647,VILLUPURAM
TAMIL NADU,ARUPPUKOTTAI,19150,19122,2432,23,16667,16465,21491,16465,21491,VIRUDHUNAGAR
TAMIL NADU,KARIAPATTI,21543,21525,4435,27,17063,19617,29445,19617,29445,VIRUDHUNAGAR
TAMIL NADU,NARIKUDI,19595,19488,4251,138,15099,18834,31266,18834,31266,VIRUDHUNAGAR
TAMIL NADU,RAJAPALAYAM,26665,26646,11581,66,14999,17251,21473,17242,21463,VIRUDHUNAGAR
TAMIL NADU,SATTUR,22989,22964,6801,467,15696,16150,21589,16150,21589,VIRUDHUNAGAR
TAMIL NADU,SIVAKASI,39188,38260,7463,42,30755,19134,24360,19134,24360,VIRUDHUNAGAR
TAMIL NADU,SRIVILLIPUTHUR,22865,22864,7867,256,14741,16305,23274,16305,23273,VIRUDHUNAGAR
TAMIL NADU,TIRUCHULI,21924,21910,3527,49,18334,18752,29026,18751,29023,VIRUDHUNAGAR
TAMIL NADU,VEMBAKOTTAI,24719,24357,4740,157,19460,12819,15232,12814,15225,VIRUDHUNAGAR
TAMIL NADU,VIRUDHUNAGAR,28091,27955,7673,95,20187,17502,22131,17497,22124,VIRUDHUNAGAR
TAMIL NADU,WATRAP,19768,19768,8135,36,11597,14560,20204,14560,20204,VIRUDHUNAGAR
TAMIL NADU,ANDIMADAM,34558,33759,6926,535,26298,27342,29237,27292,29169,ARIYALUR
TAMIL NADU,ARIYALUR,26931,26821,5967,146,20708,24797,39733,24797,39732,ARIYALUR
TAMIL NADU,JAYAMKONDAM,40153,39690,9273,809,29608,35708,58216,35708,58216,ARIYALUR
TAMIL NADU,SENDURAI,39839,38499,8221,195,30083,31942,36473,31942,36473,ARIYALUR
TAMIL NADU,T.PALUR,38682,37369,8048,482,28839,27459,28781,27459,28781,ARIYALUR
TAMIL NADU,THIRUMANUR,26709,26658,6208,11,20439,24640,30269,24640,30269,ARIYALUR
TAMIL NADU,ANAIMALAI,13296,13296,5029,786,7481,8982,10707,8982,10707,COIMBATORE
TAMIL NADU,ANNUR,14630,14593,7819,1,6773,9619,12080,9620,12081,COIMBATORE
TAMIL NADU,KARAMADAI,22707,22676,7738,2281,12657,11329,15258,11329,15258,COIMBATORE
TAMIL NADU,KINATHUKADAVU,22353,22338,7046,66,15226,15529,17152,15523,17146,COIMBATORE
TAMIL NADU,MADUKKARAI,6916,6909,3326,175,3408,3574,4626,3574,4625,COIMBATORE
TAMIL NADU,P.N.PALAYAM,14028,14028,4473,1243,8312,6004,7847,6001,7842,COIMBATORE
TAMIL NADU,POLLACHI(N),22893,22880,8047,44,14789,16172,19630,16171,19629,COIMBATORE
TAMIL NADU,POLLACHI(S),21724,21378,8127,58,13193,12640,13981,12640,13980,COIMBATORE
TAMIL NADU,S.S.KULAM,6217,6217,2713,0,3504,2496,2755,2496,2755,COIMBATORE
TAMIL NADU,SULTANPET,18057,17977,6771,31,11175,14825,17898,14821,17894,COIMBATORE
TAMIL NADU,SULUR,22041,21895,8402,43,13450,14694,17747,14680,17732,COIMBATORE
TAMIL NADU,THONDAMUTHUR,9468,9468,3181,749,5538,5493,7500,5493,7500,COIMBATORE
TAMIL NADU,ANNAGRAMAM,34066,33956,11850,148,21958,31426,63753,31423,63749,CUDDALORE
TAMIL NADU,CUDDALORE,52716,52085,18264,57,33764,48560,83217,48560,83217,CUDDALORE
TAMIL NADU,KAMMAPURAM,42931,42906,10811,326,31769,40275,82603,40274,82601,CUDDALORE
TAMIL NADU,KATTUMANNAR KOIL,28999,28859,14006,195,14658,27369,54249,27369,54249,CUDDALORE
TAMIL NADU,KEERAPALAYAM,34860,34818,15467,156,19195,32329,54505,32329,54505,CUDDALORE
TAMIL NADU,KUMARATCHI,27539,27525,14902,226,12397,24690,43088,24690,43088,CUDDALORE
TAMIL NADU,KURINJIPADI,49844,49388,18561,148,30679,41498,73772,41492,73755,CUDDALORE
TAMIL NADU,MANGALUR,39703,39523,17049,3,22471,34298,65806,34294,65798,CUDDALORE
TAMIL NADU,MELBHUVANAGIRI,24032,23967,9673,166,14128,22684,47200,22682,47189,CUDDALORE
TAMIL NADU,NALLUR,37348,37169,16108,141,20920,34116,68677,34116,68677,CUDDALORE
TAMIL NADU,PANRUTI,44005,43614,10169,129,33316,39053,68077,39051,68072,CUDDALORE
TAMIL NADU,PARANGIPETTAI,23151,23145,8570,200,14375,22955,48205,22954,48203,CUDDALORE
TAMIL NADU,VRIDHACHALAM,29537,29506,10416,362,18728,27184,56694,27181,56678,CUDDALORE
TAMIL NADU,DHARMAPURI,44199,42636,4400,359,37877,23988,24007,23960,23979,DHARMAPURI
TAMIL NADU,HARUR,41047,40795,16342,3883,20570,35519,35519,35519,35519,DHARMAPURI
TAMIL NADU,KARIMANGALAM,30758,30095,3518,20,26557,20279,22040,20277,22038,DHARMAPURI
TAMIL NADU,MORAPPUR,66657,56275,11332,588,44355,40108,41368,40101,41361,DHARMAPURI
TAMIL NADU,NALLAMPALLI,42348,41336,3636,59,37641,26452,29491,26452,29491,DHARMAPURI
TAMIL NADU,PALACODE,31772,31284,2406,199,28679,20298,20795,20298,20795,DHARMAPURI
TAMIL NADU,PAPPIREDDIPATTI,23173,22637,6080,5817,10740,12355,12399,12355,12399,DHARMAPURI
TAMIL NADU,PENNAGARAM,39770,36972,3620,479,32873,33153,34333,33121,34267,DHARMAPURI
TAMIL NADU,ATHOOR,23446,23354,7036,0,16318,16805,20092,16805,20092,DINDIGUL
TAMIL NADU,BATLAGUNDU,21158,21075,6104,68,14903,19427,29090,19427,29090,DINDIGUL
TAMIL NADU,DINDIGUL,20289,20266,8689,0,11577,10302,11834,10302,11834,DINDIGUL
TAMIL NADU,GUZILIAMPARAI,15133,15124,4479,1,10644,11790,17266,11790,17266,DINDIGUL
TAMIL NADU,KODAIKANAL,9994,9662,1982,410,7270,7721,9765,7721,9765,DINDIGUL
TAMIL NADU,NATHAM,25650,25570,3264,0,22306,18220,21810,18220,21810,DINDIGUL
TAMIL NADU,NILAKOTTAI,21138,21094,7477,0,13617,13997,16363,13997,16363,DINDIGUL
TAMIL NADU,ODDANCHATRAM,23226,23171,7200,65,15906,18469,22799,18469,22799,DINDIGUL
TAMIL NADU,PALANI,22129,21959,9641,11,12307,18815,27918,18811,27909,DINDIGUL
TAMIL NADU,REDDIARCHATRAM,27018,26971,4429,189,22353,22028,31868,22028,31868,DINDIGUL
TAMIL NADU,SHANARPATTI,23259,23245,5918,2,17325,17443,20529,17443,20528,DINDIGUL
TAMIL NADU,THOPPAMPATTY,24939,24937,7809,11,17117,20738,29290,20738,29290,DINDIGUL
TAMIL NADU,VADAMADURAI,13595,13565,2769,46,10750,10728,13281,10728,13281,DINDIGUL
TAMIL NADU,VEDASANDUR,20678,20352,3931,14,16407,18379,21385,18379,21385,DINDIGUL
TAMIL NADU,AMMAPET,20947,20603,6180,73,14350,11100,12365,11100,12365,ERODE
TAMIL NADU,ANTHIYUR,15244,15244,4225,370,10649,6824,7049,6824,7048,ERODE
TAMIL NADU,BHAVANI,17134,16935,4345,15,12575,8343,8741,8343,8741,ERODE
TAMIL NADU,BHAVANISAGAR,11392,11241,4553,22,6666,7941,9622,7934,9615,ERODE
TAMIL NADU,CHENNIMALAI,14388,14388,4775,0,9613,6444,6978,6444,6977,ERODE
TAMIL NADU,ERODE,7889,7877,3323,0,4554,1887,2043,1887,2043,ERODE
TAMIL NADU,GOBICHETTIPALAYAM,16553,16458,5337,0,11121,7499,7967,7499,7967,ERODE
TAMIL NADU,KODUMUDI,9157,8991,3061,6,5924,5761,6553,5761,6553,ERODE
TAMIL NADU,MODAKKURICHI,17118,17002,6591,2,10409,10057,12150,10057,12150,ERODE
TAMIL NADU,NAMBIYUR,13114,13000,4454,2,8544,6068,6337,6067,6336,ERODE
TAMIL NADU,PERUNDURAI,16833,15828,4844,1,10983,7595,8138,7595,8138,ERODE
TAMIL NADU,SATHY,13583,13314,4116,1275,7923,5019,5477,5019,5477,ERODE
TAMIL NADU,T.N. PALAYAM,9739,9696,3114,273,6309,5777,6171,5777,6171,ERODE
TAMIL NADU,THALAVADI,10071,10031,2493,1226,6312,7794,9725,7794,9725,ERODE
TAMIL NADU,ACHARAPAKKAM,23533,23464,9914,470,13080,21611,35000,21609,34997,KANCHIPURAM
TAMIL NADU,CHITHAMUR,29915,28933,13272,201,15460,23487,34896,23487,34896,KANCHIPURAM
TAMIL NADU,KANCHIPURAM,33146,32587,9434,793,22360,28758,45893,28758,45893,KANCHIPURAM
TAMIL NADU,KATTANKOLATHUR,35535,34869,16757,974,17138,28759,39347,28756,39338,KANCHIPURAM
TAMIL NADU,KUNDRATHUR,21763,21643,11920,353,9370,9515,11351,9511,11347,KANCHIPURAM
TAMIL NADU,LATHUR,21475,20930,9705,141,11084,19471,30726,19470,30725,KANCHIPURAM
TAMIL NADU,MADURANTAKAM,28123,27875,15508,325,12042,25151,35940,25151,35940,KANCHIPURAM
TAMIL NADU,SRIPERUMBUDUR,24059,24048,11368,330,12350,22731,32218,22731,32218,KANCHIPURAM
TAMIL NADU,THIRUKALUKUNDRAM,45271,44557,14305,873,29379,40646,54150,40644,54147,KANCHIPURAM
TAMIL NADU,THIRUPORUR,34166,33397,14709,383,18305,26436,34266,26434,34264,KANCHIPURAM
TAMIL NADU,THOMAS MALAI,28624,28486,5626,1129,21731,4914,5175,4914,5175,KANCHIPURAM
TAMIL NADU,UTHIRAMERUR,46076,45414,16860,745,27809,38968,64630,38968,64630,KANCHIPURAM
TAMIL NADU,WALAJABAD,32814,32462,11775,259,20428,31594,53145,31594,53145,KANCHIPURAM
TAMIL NADU,AGASTHEESWARAM,7121,7101,772,273,6056,3431,3543,3431,3543,KANNIYAKUMARI
TAMIL NADU,KILLIYOOR,7282,7282,167,0,7115,2947,3005,2947,3005,KANNIYAKUMARI
TAMIL NADU,KURUNTHENCODE,11815,11815,540,3,11272,3372,3509,3372,3509,KANNIYAKUMARI
TAMIL NADU,MELPURAM,11174,11174,1000,39,10135,3776,4005,3776,4005,KANNIYAKUMARI
TAMIL NADU,MUNCHIRAI,14331,14328,376,3,13949,3213,3294,3213,3294,KANNIYAKUMARI
TAMIL NADU,RAJAKKAMANGALAM,16775,16706,956,7,15743,5278,5867,5265,5850,KANNIYAKUMARI
TAMIL NADU,THIRUVATTAR,12013,12009,553,456,11000,2706,3113,2706,3113,KANNIYAKUMARI
TAMIL NADU,THOVALAI,12821,12821,1832,52,10937,5373,5925,5373,5925,KANNIYAKUMARI
TAMIL NADU,THUCKALAY,8173,8154,348,3,7803,3518,3630,3518,3630,KANNIYAKUMARI
TAMIL NADU,ARAVAKURICHI,14759,14173,4638,21,9514,10317,12324,10317,12324,KARUR
TAMIL NADU,K.PARAMATHI,22665,22488,7272,14,15202,20633,24302,20633,24302,KARUR
TAMIL NADU,KADAVUR,27440,27327,5235,14,22078,23072,23684,23072,23684,KARUR
TAMIL NADU,KARUR,17236,17226,5032,0,12194,13245,14037,13245,14037,KARUR
TAMIL NADU,KRISHNARAYAPURAM,27470,27367,7127,16,20224,23103,26262,23103,26262,KARUR
TAMIL NADU,KULITHALAI,14750,14629,4561,28,10040,10197,13772,10197,13772,KARUR
TAMIL NADU,THANTHONI,20389,20389,5930,5,14454,11444,13871,11444,13871,KARUR
TAMIL NADU,THOGAMALAI,19063,18847,4447,0,14400,15115,17557,15115,17557,KARUR
TAMIL NADU,BARGUR,37369,36802,4129,325,32348,28439,33388,28439,33388,KRISHNAGIRI
TAMIL NADU,HOSUR,20466,20262,6279,18,13965,11174,11991,11174,11991,KRISHNAGIRI
TAMIL NADU,KAVERIPATTANAM,41321,40602,2381,126,38095,28410,33750,28410,33750,KRISHNAGIRI
TAMIL NADU,KELAMANGALAM,19231,19160,2486,472,16202,13752,18377,13752,18377,KRISHNAGIRI
TAMIL NADU,KRISHNAGIRI,32515,32059,3960,215,27884,22549,26877,22549,26877,KRISHNAGIRI
TAMIL NADU,MATHUR,27769,27269,4211,103,22955,22650,28803,22650,28802,KRISHNAGIRI
TAMIL NADU,SHOOLAGIRI,26615,26454,4573,317,21564,19866,24703,19866,24703,KRISHNAGIRI
TAMIL NADU,THALLY,34454,33960,5949,552,27459,29566,38451,29566,38451,KRISHNAGIRI
TAMIL NADU,UTHANGARAI,55668,55173,10671,811,43691,37441,57218,37441,57218,KRISHNAGIRI
TAMIL NADU,VEPPANAPALLI,18893,18735,1703,11,17021,10929,15796,10929,15796,KRISHNAGIRI
TAMIL NADU,ALANGANALLUR,19021,18912,4697,0,14215,15149,19108,15149,19106,MADURAI
TAMIL NADU,CHELLAMPATTI,32200,31877,5008,2,26867,28615,38993,28614,38992,MADURAI
TAMIL NADU,KALLIKUDI,21906,21683,3464,4,18215,18978,22827,18978,22826,MADURAI
TAMIL NADU,KOTTAMPATTI,25464,25331,4257,1,21073,24672,32588,24659,32575,MADURAI
TAMIL NADU,MADURAI EAST,28244,28226,8516,9,19701,19183,24726,19181,24722,MADURAI
TAMIL NADU,MADURAI WEST,20479,20334,7185,63,13086,15902,20232,15902,20232,MADURAI
TAMIL NADU,MELUR,36130,35897,6549,7,29341,33124,41830,33124,41828,MADURAI
TAMIL NADU,SEDAPATTI,30604,30321,8665,11,21645,25289,39418,25289,39417,MADURAI
TAMIL NADU,T.KALLUPATTY,21434,21218,5493,1,15724,19169,30153,19169,30153,MADURAI
TAMIL NADU,THIRUMANGALAM,28284,28145,6001,9,22135,24229,33613,24229,33612,MADURAI
TAMIL NADU,THIRUPPARANKUNDRAM,31990,31599,6544,374,24681,23315,27986,23315,27986,MADURAI
TAMIL NADU,USILAMPATTI,21545,21491,2534,32,18925,16666,20428,16666,20428,MADURAI
TAMIL NADU,VADIPATTI,18778,18118,5313,13,12792,15882,19234,15881,19232,MADURAI
TAMIL NADU,KEELAIYUR,22246,22218,9548,8,12662,20401,36311,20401,36311,NAGAPATTINAM
TAMIL NADU,KILVELUR,28738,28373,12095,125,16153,26195,46130,26195,46128,NAGAPATTINAM
TAMIL NADU,KOLLIDAM,34722,34171,14440,151,19580,28232,49818,28226,49809,NAGAPATTINAM
TAMIL NADU,KUTHALAM,26923,26710,12102,24,14584,24316,42193,24316,42193,NAGAPATTINAM
TAMIL NADU,MAYILADUTHURAI,37725,37010,19525,28,17457,31354,53203,31346,53183,NAGAPATTINAM
TAMIL NADU,NAGAPATTINAM,43144,42771,22135,29,20607,33143,51245,33143,51245,NAGAPATTINAM
TAMIL NADU,SEMBANARKOIL,36107,35767,16085,63,19619,29399,59337,29399,59336,NAGAPATTINAM
TAMIL NADU,SIRKALI,34276,34084,15705,38,18341,29581,53152,29575,53144,NAGAPATTINAM
TAMIL NADU,THALAINAYAR,13824,13400,5622,8,7770,12338,24707,12338,24707,NAGAPATTINAM
TAMIL NADU,THIRUMARUGAL,20525,20469,10881,75,9513,18439,39235,18439,39235,NAGAPATTINAM
TAMIL NADU,VEDARANYAM,24564,24327,7698,20,16609,19393,30435,19360,30397,NAGAPATTINAM
TAMIL NADU,Elachipalayam,15544,15542,6405,1,9136,12434,15448,12434,15448,NAMAKKAL
TAMIL NADU,ERUMAPATTY,19006,19003,6893,11,12099,14305,17073,14305,17073,NAMAKKAL
TAMIL NADU,Kabilarmalai,14106,14106,4153,0,9953,12116,16435,12116,16435,NAMAKKAL
TAMIL NADU,KOLLIHILLS,10260,10260,50,10207,3,8772,13347,8772,13347,NAMAKKAL
TAMIL NADU,MALLASAMUDRAM,11850,11850,4425,0,7425,9834,12812,9833,12810,NAMAKKAL
TAMIL NADU,MOHANUR,16218,16212,4529,22,11661,12391,13759,12391,13759,NAMAKKAL
TAMIL NADU,NAMAGIRIPET,14765,14740,4108,2936,7696,13213,15493,13213,15493,NAMAKKAL
TAMIL NADU,NAMAKKAL,18150,18129,6131,26,11972,10574,12728,10574,12728,NAMAKKAL
TAMIL NADU,PALLIPALAYAM,14319,14319,4407,1,9911,6665,7555,6664,7554,NAMAKKAL
TAMIL NADU,PARAMATHY,10527,10358,3658,1,6699,8428,10089,8428,10089,NAMAKKAL
TAMIL NADU,Puduchatram,14541,14539,5625,33,8881,10962,13045,10962,13045,NAMAKKAL
TAMIL NADU,RASIPURAM,11812,11812,4790,79,6943,10148,12209,10148,12209,NAMAKKAL
TAMIL NADU,SENDAMANGALAM,10591,10591,3194,695,6702,9436,11773,9436,11773,NAMAKKAL
TAMIL NADU,TIRUCHENGODE,17362,17200,6807,2,10391,11680,13268,11680,13268,NAMAKKAL
TAMIL NADU,VENNANDUR,12071,12071,4148,265,7658,9859,12723,9859,12723,NAMAKKAL
TAMIL NADU,ALATHUR,26868,26704,7939,25,18740,24226,35515,24226,35515,PERAMBALUR
TAMIL NADU,PERAMBALUR,33152,31396,10051,53,21292,21176,28893,21170,28884,PERAMBALUR
TAMIL NADU,VEPPANTHATTAI,33234,32917,10869,228,21820,26985,37530,26985,37530,PERAMBALUR
TAMIL NADU,VEPPUR,40886,40348,14323,57,25968,36285,53773,36281,53763,PERAMBALUR
TAMIL NADU,ANNAVASAL,33085,32841,7049,3,25789,29322,52132,29322,52132,PUDUKKOTTAI
TAMIL NADU,ARANTANGI,30030,29899,3919,4,25976,25923,37367,25923,37367,PUDUKKOTTAI
TAMIL NADU,ARIMALAM,14642,14501,3234,1,11266,13684,15668,13684,15668,PUDUKKOTTAI
TAMIL NADU,AVUDAYARKOIL,22410,21702,4413,3,17286,16012,25451,16012,25451,PUDUKKOTTAI
TAMIL NADU,GANDARVAKOTTAI,16220,16201,4898,5,11298,15713,26218,15713,26218,PUDUKKOTTAI
TAMIL NADU,KARAMBAKKUDI,19015,19015,5994,0,13021,18271,32646,18271,32646,PUDUKKOTTAI
TAMIL NADU,KUNNANDARKOIL,18898,18682,2640,0,16042,15368,27683,15368,27683,PUDUKKOTTAI
TAMIL NADU,MANAMELKUDI,16898,16802,3149,1,13652,14124,21599,14124,21599,PUDUKKOTTAI
TAMIL NADU,PONNAMARAVATHI,23054,22915,4023,12,18880,19982,32284,19982,32284,PUDUKKOTTAI
TAMIL NADU,PUDUKKOTTAI,22269,21409,5043,3,16363,17422,23188,17422,23188,PUDUKKOTTAI
TAMIL NADU,THIRUMAYAM,17387,17160,4074,29,13057,14022,28565,14022,28565,PUDUKKOTTAI
TAMIL NADU,THIRUVARANKULAM,30243,30086,4740,4,25342,25517,45308,25517,45308,PUDUKKOTTAI
TAMIL NADU,VIRALIMALAI,28946,28543,5192,10,23341,23794,51545,23794,51545,PUDUKKOTTAI
TAMIL NADU,BOGALUR,10918,10792,4618,0,6174,8974,13537,8974,13537,RAMANATHAPURAM
TAMIL NADU,KADALADI,41202,40853,7565,18,33270,34796,58075,34796,58075,RAMANATHAPURAM
TAMIL NADU,KAMUTHI,34060,33728,7952,12,25764,31379,56391,31379,56391,RAMANATHAPURAM
TAMIL NADU,MANDAPAM,23437,23032,1398,0,21634,9846,11169,9846,11169,RAMANATHAPURAM
TAMIL NADU,MUDUKULATHUR,26429,26316,8115,39,18162,25468,46824,25470,46826,RAMANATHAPURAM
TAMIL NADU,NAINARKOIL,12779,12498,3173,0,9325,10152,16007,10152,16007,RAMANATHAPURAM
TAMIL NADU,PARAMAKUDI,20653,20608,7754,0,12854,15583,21448,15583,21447,RAMANATHAPURAM
TAMIL NADU,R.S. MANGALAM,21292,21179,4975,0,16204,18500,30216,18500,30215,RAMANATHAPURAM
TAMIL NADU,RAMANATHAPURAM,18310,18106,5910,6,12190,10358,13872,10358,13872,RAMANATHAPURAM
TAMIL NADU,THIRUPPULLANI,22551,22536,7013,0,15523,18251,26342,18248,26332,RAMANATHAPURAM
TAMIL NADU,THIRUVADANAI,23485,23359,4725,3,18631,20157,29662,20157,29662,RAMANATHAPURAM
TAMIL NADU,ATTUR,22823,22572,6430,925,15217,16481,21194,16481,21194,SALEM
TAMIL NADU,AYOTHIYAPATTINAM,25539,24864,9156,2727,12981,16522,19325,16522,19325,SALEM
TAMIL NADU,GANGAVALLI,16088,16071,3881,2017,10173,13472,17541,13472,17541,SALEM
TAMIL NADU,IDAPPADY,11754,11590,1304,4,10282,6489,7409,6489,7409,SALEM
TAMIL NADU,KADAYAAMPATTI,29886,28853,6515,1495,20843,21897,24323,21897,24323,SALEM
TAMIL NADU,KOLATHUR,18398,17946,3059,2266,12621,11032,11818,11032,11818,SALEM
TAMIL NADU,KONGANAPURAM,16101,15886,1585,1,14300,10383,11763,10383,11763,SALEM
TAMIL NADU,MAC. CHOULTRY,13605,13450,1552,1,11897,10246,11804,10246,11804,SALEM
TAMIL NADU,MECHERI,21344,20500,3164,2,17334,15492,16775,15492,16775,SALEM
TAMIL NADU,NANGAVALLI,17854,17329,1674,1,15654,12144,12545,12144,12545,SALEM
TAMIL NADU,OMALUR,32178,30980,8936,68,21976,19044,21908,19044,21908,SALEM
TAMIL NADU,P.N.PALAYAM,20240,19896,4519,4942,10435,13469,16310,13469,16308,SALEM
TAMIL NADU,PANAMARATHUPATTI,15958,15900,3779,2134,9987,9530,11447,9529,11445,SALEM
TAMIL NADU,SALEM,14972,14937,1960,68,12909,8295,8581,8295,8582,SALEM
TAMIL NADU,SANKARI,16161,15909,5726,0,10183,12207,14303,12207,14303,SALEM
TAMIL NADU,THALAIVASAL,34644,33999,11735,86,22178,28062,47239,28062,47239,SALEM
TAMIL NADU,THARAMANGALAM,20834,20827,1458,12,19357,12165,15359,12165,15359,SALEM
TAMIL NADU,VALAPADY,14416,13965,4390,1153,8422,8465,9490,8465,9490,SALEM
TAMIL NADU,VEERAPANDY,18896,18810,3112,0,15698,8510,8808,8510,8808,SALEM
TAMIL NADU,YERCAUD,7750,7524,1269,6015,240,2179,2409,2179,2409,SALEM
TAMIL NADU,DEVAKOTTAI,20609,20244,5487,15,14742,13534,18418,13534,18413,SIVAGANGAI
TAMIL NADU,ILAYANGUDI,23782,23572,6481,1,17090,20213,29421,20213,29421,SIVAGANGAI
TAMIL NADU,KALAIYARKOVIL,27010,26884,5723,2,21159,20769,33944,20767,33936,SIVAGANGAI
TAMIL NADU,KALLAL,22459,22275,3815,9,18451,11686,14648,11686,14648,SIVAGANGAI
TAMIL NADU,KANNANGUDI,8767,8710,3402,0,5308,6341,8767,6341,8767,SIVAGANGAI
TAMIL NADU,MANAMADURAI,22417,22218,5646,0,16572,17309,24908,17309,24908,SIVAGANGAI
TAMIL NADU,S.PUDUR,11171,11147,1982,0,9165,8780,13613,8762,13586,SIVAGANGAI
TAMIL NADU,SAKKOTTAI,18319,18192,3019,12,15161,9529,12469,9529,12469,SIVAGANGAI
TAMIL NADU,SINGAMPUNARI,15877,15847,2271,1,13575,10211,16677,10211,16677,SIVAGANGAI
TAMIL NADU,SIVAGANGA,30573,30351,4393,20,25938,22415,33197,22414,33196,SIVAGANGAI
TAMIL NADU,THIRUPPATHUR,19312,19166,3165,4,15997,14112,20444,14112,20444,SIVAGANGAI
TAMIL NADU,THIRUPPUVANAM,29017,28406,7365,6,21035,21235,35934,21229,35912,SIVAGANGAI
TAMIL NADU,AMMAPET,19310,18615,9202,4,9409,12916,18136,12916,18136,THANJAVUR
TAMIL NADU,BUDALUR,23515,23208,8018,0,15190,20145,34325,20144,34323,THANJAVUR
TAMIL NADU,KUMBAKONAM,32844,32143,12729,16,19398,26419,43486,26418,43479,THANJAVUR
TAMIL NADU,MADUKKUR,16279,16036,2947,10,13079,8475,9448,8475,9448,THANJAVUR
TAMIL NADU,ORATHANADU,31918,31811,5220,4,26587,28601,47033,28601,47033,THANJAVUR
TAMIL NADU,PAPANASAM,23454,23189,7549,11,15629,19822,33202,19822,33202,THANJAVUR
TAMIL NADU,PATTUKKOTTAI,24406,23769,3810,289,19670,16808,21825,16802,21817,THANJAVUR
TAMIL NADU,PERAVURANI,22780,21861,3147,10,18704,15699,24624,15699,24622,THANJAVUR
TAMIL NADU,SETHUBAVACHATRAM,18770,18769,2427,7,16335,15091,22842,15091,22842,THANJAVUR
TAMIL NADU,THANJAVUR,36579,35882,12292,11,23579,26506,39708,26504,39702,THANJAVUR
TAMIL NADU,THIRUPPANANDAL,25923,25455,12338,42,13075,22863,46682,22863,46682,THANJAVUR
TAMIL NADU,THIRUVAIYARU,22222,21840,7903,11,13926,18471,31683,18471,31683,THANJAVUR
TAMIL NADU,THIRUVIDAIMARUDUR,28186,27578,8545,4,19029,23355,36019,23355,36019,THANJAVUR
TAMIL NADU,THIRUVONAM,20411,19434,5076,0,14358,16392,25884,16392,25884,THANJAVUR
TAMIL NADU,COONOOR,9339,9068,5443,457,3168,5899,6326,5899,6326,THE NILGIRIS
TAMIL NADU,GUDALUR,19045,19045,8279,3161,7605,9147,9996,9148,9997,THE NILGIRIS
TAMIL NADU,KOTAGIRI,17124,16910,6421,2243,8246,12609,17951,12596,17927,THE NILGIRIS
TAMIL NADU,UDHAGAI,23607,23223,6492,675,16056,20122,24058,20122,24058,THE NILGIRIS
TAMIL NADU,ANDIPATTI,32265,31626,8735,2,22889,23124,31781,23123,31780,THENI
TAMIL NADU,BODINAICKANUR,16758,16181,2988,104,13089,10097,11983,10097,11983,THENI
TAMIL NADU,CHINNAMANUR,13604,13429,3298,3,10128,7807,10015,7807,10015,THENI
TAMIL NADU,CUMBUM,4638,4638,836,0,3802,710,762,710,762,THENI
TAMIL NADU,K MYLADUMPARAI,22208,21790,4649,76,17065,14927,21063,14903,21034,THENI
TAMIL NADU,PERIYAKULAM,22035,22003,7001,30,14972,14120,16605,14120,16605,THENI
TAMIL NADU,THENI,15538,15221,5738,1,9482,12073,14734,12073,14734,THENI
TAMIL NADU,UTHAMAPALAYAM,10384,10284,1726,0,8558,5949,7255,5949,7255,THENI
TAMIL NADU,ALWARTHIRUNAGARI,16620,16479,4424,3,12052,9146,13004,9121,12954,THOOTHUKKUDI
TAMIL NADU,KARUNGULAM,18784,18680,6656,9,12015,15595,19890,15595,19890,THOOTHUKKUDI
TAMIL NADU,KAYATHAR,23885,23785,7328,4,16453,20651,30885,20650,30883,THOOTHUKKUDI
TAMIL NADU,KOVILPATTI,26010,25776,8733,10,17033,17789,23951,17785,23946,THOOTHUKKUDI
TAMIL NADU,OTTAPIDARAM,46921,46191,20494,91,25606,40486,45774,40481,45766,THOOTHUKKUDI
TAMIL NADU,Pudur,22541,22335,4232,0,18103,20701,31204,20701,31195,THOOTHUKKUDI
TAMIL NADU,SATTANKULAM,11434,11220,1775,1,9444,4513,5383,4513,5383,THOOTHUKKUDI
TAMIL NADU,SRIVAIKUNDAM,14281,14122,3629,224,10269,12422,16069,12422,16069,THOOTHUKKUDI
TAMIL NADU,THOOTHUKUDI,22978,22546,8053,8,14485,5544,6450,5544,6450,THOOTHUKKUDI
TAMIL NADU,TIRUCHENDUR,5841,5841,2523,0,3318,2175,2476,2175,2476,THOOTHUKKUDI
TAMIL NADU,UDANGUDI,7404,7343,1171,0,6172,2678,3611,2678,3611,THOOTHUKKUDI
TAMIL NADU,VILATHIKULAM,23451,23334,5628,162,17544,19610,28237,19602,28218,THOOTHUKKUDI
TAMIL NADU,ANDHANALLUR,19327,19262,6414,1,12847,14854,22099,14854,22099,TIRUCHIRAPPALLI
TAMIL NADU,LALGUDI,27050,26916,8474,23,18419,24262,39488,24262,39488,TIRUCHIRAPPALLI
TAMIL NADU,MANACHANALLUR,29010,28983,6890,1,22092,22569,34563,22569,34563,TIRUCHIRAPPALLI
TAMIL NADU,MANAPPARAI,22673,22336,3971,30,18335,17696,23805,17696,23805,TIRUCHIRAPPALLI
TAMIL NADU,MANIKANDAM,18204,18023,4278,18,13727,12763,19026,12763,19026,TIRUCHIRAPPALLI
TAMIL NADU,MARUNGAPURI,26286,25975,5820,0,20155,22579,34966,22579,34965,TIRUCHIRAPPALLI
TAMIL NADU,MUSIRI,22142,22019,6281,2,15736,17818,26558,17818,26558,TIRUCHIRAPPALLI
TAMIL NADU,PULLAMPADY,21289,21122,4308,5,16809,18078,27644,18078,27644,TIRUCHIRAPPALLI
TAMIL NADU,T.PET,17568,17568,3665,0,13903,12346,16091,12346,16091,TIRUCHIRAPPALLI
TAMIL NADU,THIRUVERAMBUR,19119,19040,5430,0,13610,12113,16791,12113,16791,TIRUCHIRAPPALLI
TAMIL NADU,THOTTIAM,23187,22910,5109,0,17801,15102,19764,15102,19763,TIRUCHIRAPPALLI
TAMIL NADU,THURAIYUR,28729,28424,6117,1929,20378,23178,32887,23178,32887,TIRUCHIRAPPALLI
TAMIL NADU,UPPILIYAPURAM,16670,16635,5474,991,10170,12946,15482,12946,15483,TIRUCHIRAPPALLI
TAMIL NADU,VAIYAMPATTY,18220,18100,3137,3,14960,14624,20579,14624,20579,TIRUCHIRAPPALLI
TAMIL NADU,ALANKULAM,22587,22459,4567,3,17889,12654,15396,12651,15389,TIRUNELVELI
TAMIL NADU,AMBASAMUDRAM,10018,9947,2634,6,7307,5915,6925,5914,6924,TIRUNELVELI
TAMIL NADU,CHERANMAHADEVI,6562,6470,1788,0,4682,4022,5558,4022,5558,TIRUNELVELI
TAMIL NADU,KADAYAM,18005,17761,4402,0,13359,9127,12290,9127,12290,TIRUNELVELI
TAMIL NADU,Kadayanallur,15976,15896,5678,5,10213,10537,13682,10536,13681,TIRUNELVELI
TAMIL NADU,KALAKADU,11595,11466,2227,21,9218,8100,10354,8098,10350,TIRUNELVELI
TAMIL NADU,KEELAPAVOOR,19237,19225,2968,9,16248,5567,7423,5567,7423,TIRUNELVELI
TAMIL NADU,KURUVIKULAM,29794,29340,11349,7,17984,25657,42062,25657,42062,TIRUNELVELI
TAMIL NADU,MANUR,28761,28495,10182,2,18311,23187,27480,23183,27476,TIRUNELVELI
TAMIL NADU,MELANEELITHANALLUR,20210,20112,3839,0,16273,14962,22832,14962,22832,TIRUNELVELI
TAMIL NADU,NANGUNERI,19769,19640,5403,7,14230,12967,14847,12954,14825,TIRUNELVELI
TAMIL NADU,PALAYAMKOTTAI,19661,19241,6944,3,12294,12222,14899,12222,14899,TIRUNELVELI
TAMIL NADU,PAPPAKUDI,10578,10503,2399,3,8101,7257,9463,7253,9458,TIRUNELVELI
TAMIL NADU,RADHAPURAM,18577,18327,4389,9,13929,11683,12337,11439,12093,TIRUNELVELI
TAMIL NADU,SANKARANKOIL,24187,23898,8296,13,15589,16453,23698,16453,23694,TIRUNELVELI
TAMIL NADU,SHENCOTTAI,5475,5458,2726,20,2712,3857,4624,3857,4624,TIRUNELVELI
TAMIL NADU,TENKASI,10425,10382,4244,3,6135,6268,8190,6268,8190,TIRUNELVELI
TAMIL NADU,VALLIYOOR,17085,16950,3642,65,13243,10262,12117,10144,11999,TIRUNELVELI
TAMIL NADU,VASUDEVANALLUR,17179,16938,6549,1,10388,10011,11932,10011,11932,TIRUNELVELI
TAMIL NADU,AVINASHI,23024,22903,11615,24,11264,13149,18141,13149,18141,TIRUPPUR
TAMIL NADU,DHARAPURAM,18930,18678,7773,33,10872,13877,18577,13877,18577,TIRUPPUR
TAMIL NADU,GUDIMANGALAM,18522,18490,6122,24,12344,14359,23607,14354,23598,TIRUPPUR
TAMIL NADU,KANGAYAM,12962,12916,6165,1,6750,7062,8214,7062,8214,TIRUPPUR
TAMIL NADU,KUNDADAM,15072,14436,6841,0,7595,7476,8903,7472,8899,TIRUPPUR
TAMIL NADU,MADATHUKULAM,11210,10984,3393,16,7575,9038,14951,9038,14951,TIRUPPUR
TAMIL NADU,MULANUR,12086,12023,4334,25,7664,9833,13705,9833,13705,TIRUPPUR
TAMIL NADU,PALLADAM,23602,23488,7526,14,15948,19493,27583,19493,27583,TIRUPPUR
TAMIL NADU,PONGALUR,15735,15709,7661,13,8035,10757,13005,10725,12971,TIRUPPUR
TAMIL NADU,TIRUPPUR,30618,30442,8401,17,22024,6647,8741,6633,8727,TIRUPPUR
TAMIL NADU,UDUMALPET,24306,24126,10099,120,13907,18741,25869,18737,25864,TIRUPPUR
TAMIL NADU,UTHUKULI,27046,26969,9084,193,17692,18217,22313,18217,22313,TIRUPPUR
TAMIL NADU,VELLAKOIL,7850,7650,3586,0,4064,4105,4371,4105,4371,TIRUPPUR
TAMIL NADU,ELLAPURAM,29160,29118,12302,1061,15755,26474,47582,26434,47455,TIRUVALLUR
TAMIL NADU,Gummidipoondi,56786,55278,16784,1606,36888,37757,46724,37757,46724,TIRUVALLUR
TAMIL NADU,KADAMBATHUR,24219,24089,11007,511,12571,21700,25197,21700,25197,TIRUVALLUR
TAMIL NADU,MINJUR,34177,33466,17244,963,15259,21802,27044,21801,27043,TIRUVALLUR
TAMIL NADU,PALLIPET,21824,21734,5798,819,15117,21073,35316,21073,35316,TIRUVALLUR
TAMIL NADU,POONAMALLEE,13342,13321,7829,203,5289,6367,7464,6367,7464,TIRUVALLUR
TAMIL NADU,POONDI,47835,47002,12397,1008,33597,29218,40565,29218,40565,TIRUVALLUR
TAMIL NADU,PUZHAL,10423,10415,5794,432,4189,2373,2520,2373,2520,TIRUVALLUR
TAMIL NADU,R.K.PET,32555,30841,5490,192,25159,28013,45811,28009,45800,TIRUVALLUR
TAMIL NADU,SHOLAVARAM,19797,19488,8937,347,10204,14252,19963,14251,19962,TIRUVALLUR
TAMIL NADU,TIRUTTANI,23002,22632,6588,1124,14920,20699,27194,20699,27194,TIRUVALLUR
TAMIL NADU,TIRUVALANGADU,21700,21484,7820,565,13099,17239,25496,17239,25496,TIRUVALLUR
TAMIL NADU,TIRUVALLUR,20982,20869,11648,123,9098,15709,20225,15707,20223,TIRUVALLUR
TAMIL NADU,VILLIVAKKAM,15786,15735,4926,81,10728,3880,4829,3880,4829,TIRUVALLUR
TAMIL NADU,ANAKKAVOOR,28299,28231,6334,340,21557,26157,45295,26157,45295,TIRUVANNAMALAI
TAMIL NADU,ARNI,37840,37569,8146,68,29355,25983,29666,25983,29666,TIRUVANNAMALAI
TAMIL NADU,CHENGAM,36838,36658,11837,393,24428,30605,57471,30604,57469,TIRUVANNAMALAI
TAMIL NADU,CHETPET,33325,33110,3632,152,29326,26741,44812,26741,44812,TIRUVANNAMALAI
TAMIL NADU,CHEYYAR,25659,25230,6064,384,18782,21887,31956,21887,31956,TIRUVANNAMALAI
TAMIL NADU,JAWADHU HILLS,12259,12194,85,11017,1092,9105,17806,9105,17802,TIRUVANNAMALAI
TAMIL NADU,KALASAPAKKAM,37636,37481,10083,105,27293,31853,58127,31853,58127,TIRUVANNAMALAI
TAMIL NADU,KILPENNATHUR,28425,28069,6960,700,20409,22954,30548,22954,30548,TIRUVANNAMALAI
TAMIL NADU,PERNAMALLUR,19877,19866,4173,132,15561,18692,26752,18691,26751,TIRUVANNAMALAI
TAMIL NADU,POLUR,37976,37755,7199,116,30440,32260,56823,32258,56814,TIRUVANNAMALAI
TAMIL NADU,PUDUPALAYAM,24924,24823,7411,129,17283,22420,40484,22420,40479,TIRUVANNAMALAI
TAMIL NADU,THANDARAMPET,39575,39403,9199,3265,26939,33123,46806,33122,46805,TIRUVANNAMALAI
TAMIL NADU,Thellar,36099,35919,8983,512,26424,27432,39010,27432,39010,TIRUVANNAMALAI
TAMIL NADU,THURINJAPURAM,30738,30492,6168,237,24087,23689,38033,23689,38033,TIRUVANNAMALAI
TAMIL NADU,TIRUVANNAMALAI,46880,46516,11127,685,34704,38515,59610,38515,59609,TIRUVANNAMALAI
TAMIL NADU,VANDAVASI,30312,30177,8710,419,21048,26849,40868,26849,40868,TIRUVANNAMALAI
TAMIL NADU,VEMBAKKAM,39259,38897,9014,74,29809,37844,63470,37838,63464,TIRUVANNAMALAI
TAMIL NADU,WEST ARNI,22710,22645,3991,45,18609,19842,28763,19841,28759,TIRUVANNAMALAI
TAMIL NADU,KORADACHERI,19452,19359,11339,41,7979,18685,37654,18685,37654,TIRUVARUR
TAMIL NADU,KOTTUR,24658,24013,13655,6,10352,21716,40612,21716,40612,TIRUVARUR
TAMIL NADU,KUDAVAASAL,20563,20537,6375,7,14155,18445,35304,18445,35304,TIRUVARUR
TAMIL NADU,MANNARGUDI,26980,26779,11459,11,15309,25052,48926,25052,48926,TIRUVARUR
TAMIL NADU,MUTHUPETTAI,16313,16149,7036,0,9113,15611,30889,15611,30889,TIRUVARUR
TAMIL NADU,NANNILAM,23570,23297,10811,8,12478,22160,36205,22160,36198,TIRUVARUR
TAMIL NADU,NEEDAMANGALAM,21534,21025,7903,23,13099,18612,35278,18612,35278,TIRUVARUR
TAMIL NADU,THIRUTHURAIPOONDI,20350,19568,12914,3,6651,18389,37713,18389,37713,TIRUVARUR
TAMIL NADU,THIRUVARUR,33207,30443,15935,31,14477,25488,32571,25477,32553,TIRUVARUR
TAMIL NADU,VALANGAIMAN,17176,16998,10219,0,6779,12969,21103,12969,21103,TIRUVARUR
TAMIL NADU,ALANGAYAM,30031,30027,3284,4318,22425,24047,37900,24029,37795,VELLORE
TAMIL NADU,ANAICUT,26627,26198,5923,1509,18766,21681,32550,21681,32550,VELLORE
TAMIL NADU,ARAKONAM,16510,16510,6237,414,9859,12023,18732,12023,18732,VELLORE
TAMIL NADU,ARCOT,23309,23208,5098,130,17980,20223,35039,20213,35014,VELLORE
TAMIL NADU,GUDIYATHAM,28396,28209,10107,181,17921,27195,35964,27193,35961,VELLORE
TAMIL NADU,JOLARPET,30858,30653,3408,702,26543,26685,49192,26685,49192,VELLORE
TAMIL NADU,K.V. KUPPAM,27341,27329,6918,95,20316,18917,21211,18917,21211,VELLORE
TAMIL NADU,KANDHILI,37224,37224,5532,311,31381,29818,49811,29818,49811,VELLORE
TAMIL NADU,KANIYAMBADI,18508,18455,3058,82,15315,13034,16517,13013,16489,VELLORE
TAMIL NADU,KATPADI,21447,21447,4829,61,16557,12400,16959,12399,16955,VELLORE
TAMIL NADU,KAVERIPAKKAM,36374,36371,9919,818,25634,33109,57747,33110,57748,VELLORE
TAMIL NADU,MADHANUR,18839,18828,7706,710,10412,14955,22679,14949,22660,VELLORE
TAMIL NADU,NATRAMPALLI,21607,21603,3494,62,18047,18410,29983,18410,29983,VELLORE
TAMIL NADU,NEMILI,32355,32348,9128,482,22738,26366,40841,26366,40841,VELLORE
TAMIL NADU,PERNAMBET,30001,29999,14074,398,15527,19552,26555,19539,26540,VELLORE
TAMIL NADU,SHOLINGHUR,27432,27426,4243,399,22784,20408,28334,20408,28334,VELLORE
TAMIL NADU,THIMIRI,25968,25967,7436,162,18369,22581,39935,22572,39907,VELLORE
TAMIL NADU,THIRUPATHUR,28131,28128,7427,275,20426,20346,32253,20346,32253,VELLORE
TAMIL NADU,VELLORE,14229,14127,4448,138,9541,7668,10007,7668,10007,VELLORE
TAMIL NADU,WALAJAH,23776,23776,3626,48,20102,21575,29528,21575,29527,VELLORE
TAMIL NADU,CHINNASALEM,34765,34452,13306,28,21118,30855,61916,30854,61911,VILLUPURAM
TAMIL NADU,GINGEE,66208,65065,11352,1079,52634,51361,78089,51361,78089,VILLUPURAM
TAMIL NADU,KALLAKURICHI,41116,41069,14520,14,26535,37499,96359,37495,96332,VILLUPURAM
TAMIL NADU,KALRAYAN HILLS,14556,14473,383,12098,1992,12126,24562,12126,24562,VILLUPURAM
TAMIL NADU,KANAI,38587,38377,9227,650,28500,33604,72579,33594,72522,VILLUPURAM
TAMIL NADU,KANDAMANGALAM,40677,40432,15471,61,24900,32603,55026,32603,55026,VILLUPURAM
TAMIL NADU,KOLIYANUR,33606,33413,10327,80,23006,26914,60595,26914,60595,VILLUPURAM
TAMIL NADU,MAILAM,35545,35271,11041,380,23850,31002,59628,31002,59622,VILLUPURAM
TAMIL NADU,MELMALAYANUR,52499,52022,10562,762,40698,39879,74681,39879,74679,VILLUPURAM
TAMIL NADU,MERKANAM,40833,40495,15158,560,24777,33224,60462,33224,60462,VILLUPURAM
TAMIL NADU,MUGAIYUR,43752,43282,13019,200,30063,37974,82077,37974,82073,VILLUPURAM
TAMIL NADU,OLAKKUR,32683,32150,10854,596,20700,28093,61261,28077,61201,VILLUPURAM
TAMIL NADU,RISHIVANDIYAM,36857,36620,12680,1,23939,32034,60585,32034,60585,VILLUPURAM
TAMIL NADU,SANKARAPURAM,40243,39475,10785,506,28184,29921,60108,29921,60091,VILLUPURAM
TAMIL NADU,T.V. NALLUR,53444,52405,14939,58,37408,38250,73172,38242,73121,VILLUPURAM
TAMIL NADU,THIYAGADURGAM,26164,26011,10463,27,15521,22152,51436,22152,51434,VILLUPURAM
TAMIL NADU,TIRUKOILUR,35555,35371,11232,85,24054,30536,67801,30536,67795,VILLUPURAM
TAMIL NADU,TIRUNAVALUR,40753,38030,11633,49,26348,22128,40014,22128,40014,VILLUPURAM
TAMIL NADU,ULUNDURPET,36828,36674,12227,22,24425,32721,75308,32720,75305,VILLUPURAM
TAMIL NADU,VALLAM,33706,33522,8296,791,24435,30646,63611,30642,63584,VILLUPURAM
TAMIL NADU,VANUR,43031,42603,16131,415,26057,32782,56144,32778,56139,VILLUPURAM
TAMIL NADU,VIKKIRAVANDI,33548,33410,10769,251,22390,31715,73109,31715,73108,VILLUPURAM
TAMIL NADU,ARUPPUKOTTAI,20633,20552,2925,29,17598,19033,22584,19033,22584,VIRUDHUNAGAR
TAMIL NADU,KARIAPATTI,23303,23140,5575,0,17565,20769,29499,20769,29499,VIRUDHUNAGAR
TAMIL NADU,NARIKUDI,20661,20550,5043,40,15467,19001,30590,19001,30590,VIRUDHUNAGAR
TAMIL NADU,RAJAPALAYAM,28477,28389,12698,23,15668,18096,22187,18096,22187,VIRUDHUNAGAR
TAMIL NADU,SATTUR,24130,23907,7798,21,16088,13961,16520,13961,16520,VIRUDHUNAGAR
TAMIL NADU,SIVAKASI,40706,39475,9245,41,30189,21414,25436,21414,25434,VIRUDHUNAGAR
TAMIL NADU,SRIVILLIPUTHUR,25314,24736,10580,48,14108,16103,20066,16103,20066,VIRUDHUNAGAR
TAMIL NADU,TIRUCHULI,24278,24050,4002,76,19972,22362,34591,22362,34591,VIRUDHUNAGAR
TAMIL NADU,VEMBAKOTTAI,26736,25745,5674,70,20001,14600,16937,14598,16934,VIRUDHUNAGAR
TAMIL NADU,VIRUDHUNAGAR,29609,29183,9548,5,19630,19577,25468,19577,25468,VIRUDHUNAGAR
TAMIL NADU,WATRAP,24123,23262,10672,38,12552,18254,24938,18254,24937,VIRUDHUNAGAR
